about;False;False;
blog;False;False;
books;False;False;
fargo;False;False;
findme;False;False;
movies;False;False;
notes;False;False;
oped;False;False;
pub;False;False;
river;False;False;
www;False;False;
rssmove;http://www.bsoi.st/saying-goodbye-to-feedburner/;Leaving Feedburner;
02;http://www.newyorker.com/talk/financial/2013/01/21/130121ta_talk_surowiecki?currentPage=all;http://www.newyorker.com/talk/financial/2013/01/21/130121ta_talk_surowiecki?currentPage=all;
03;http://www-nc.nytimes.com/2013/01/08/opinion/after-being-raped-i-was-wounded-my-honor-wasnt.html?=_r=6;http://www-nc.nytimes.com/2013/01/08/opinion/after-being-raped-i-was-wounded-my-honor-wasnt.html?=_r=6;
04;http://mattgemmell.com/writing-tools/;http://mattgemmell.com/writing-tools/;
05;http://discountgeni.us/2013/01/13/why-am-i-so-upset-about-aaron-swartzs-suicide/;http://discountgeni.us/2013/01/13/why-am-i-so-upset-about-aaron-swartzs-suicide/;
06;http://waronidiocy.tumblr.com/post/28365464335/if-dr-seuss-books-were-titled-according-to-their;http://waronidiocy.tumblr.com/post/28365464335/if-dr-seuss-books-were-titled-according-to-their;
07;http://what-if.xkcd.com/30/;http://what-if.xkcd.com/30/;
08;https://www.google.com/;https://www.google.com/;
09;http://learntoduck.net/just-stop;http://learntoduck.net/just-stop;
0A;https://www.freakonomicsexperiments.com/;https://www.freakonomicsexperiments.com/;
0B;http://nomoremister.blogspot.com/2013/02/on-obamas-gun-and-mandatory-sports-in.html;http://nomoremister.blogspot.com/2013/02/on-obamas-gun-and-mandatory-sports-in.html;
0c;http://deadspin.com/5979970/facebook-data-provides-the-most-accurate-nfl-fandom-map-ever-created;http://deadspin.com/5979970/facebook-data-provides-the-most-accurate-nfl-fandom-map-ever-created;
0d;http://www.christianitytoday.com/women/2013/january/why-are-christians-such-bad-tippers.html?paging=off;http://www.christianitytoday.com/women/2013/january/why-are-christians-such-bad-tippers.html?paging=off;
0e;http://www.thewire.com/business/2013/01/who-wants-nice-tall-glass-coca-colas-algorithmic-orange-juice/61667/;http://www.thewire.com/business/2013/01/who-wants-nice-tall-glass-coca-colas-algorithmic-orange-juice/61667/;
0G;http://www.dnainfo.com/new-york/20130205/washington-heights/overdue-book-returned-washington-heights-library-55-years-late;http://www.dnainfo.com/new-york/20130205/washington-heights/overdue-book-returned-washington-heights-library-55-years-late;
0H;http://what-if.xkcd.com/31/;http://what-if.xkcd.com/31/;
0i;http://blogs.amctv.com/movie-blog/2010/11/john-scalzi-a-3/;http://blogs.amctv.com/movie-blog/2010/11/john-scalzi-a-3/;
0k;http://www.challies.com/articles/the-rich-tapestry-of-gods-providence;http://www.challies.com/articles/the-rich-tapestry-of-gods-providence;
0l;http://esr.ibiblio.org/?p=4817;http://esr.ibiblio.org/?p=4817;
0M;http://sethgodin.typepad.com/seths_blog/2013/02/those-people.html;http://sethgodin.typepad.com/seths_blog/2013/02/those-people.html;
0n;http://kottke.org/13/02/the-hubris-and-folly-of-darth-vader-at-hoth;http://kottke.org/13/02/the-hubris-and-folly-of-darth-vader-at-hoth;
0o;http://www.businessinsider.com/fox-news-charts-tricks-data-2012-11;http://www.businessinsider.com/fox-news-charts-tricks-data-2012-11;
0p;http://fakeisthenewreal.org/reform/;http://fakeisthenewreal.org/reform/;
0Q;http://dilbert.com/strips/comic/2013-02-14/;http://dilbert.com/strips/comic/2013-02-14/;
0R;http://www.wired.com/design/2013/02/packages-without-packaging/all?pid=2203;http://www.wired.com/design/2013/02/packages-without-packaging/all?pid=2203;
0s;http://cir.ca/news/nyclu-stop-and-frisk-app-available/78667;http://cir.ca/news/nyclu-stop-and-frisk-app-available/78667;
0t;http://blogs.agu.org/mountainbeltway/2013/02/14/the-discovery-institute-feels-sorry-for-my-students/;http://blogs.agu.org/mountainbeltway/2013/02/14/the-discovery-institute-feels-sorry-for-my-students/;
0U;http://thinkprogress.org/economy/2013/02/14/1596051/blackburn-minimum-wage-oops/?mobile=nc;http://thinkprogress.org/economy/2013/02/14/1596051/blackburn-minimum-wage-oops/?mobile=nc;
0v;http://what-if.xkcd.com/33/;http://what-if.xkcd.com/33/;
0w;http://shouldiworkforfree.com/;http://shouldiworkforfree.com/;
0X;http://www.udel.edu/udaily/2013/feb/art-science-aaas-021913.html;http://www.udel.edu/udaily/2013/feb/art-science-aaas-021913.html;
0y;http://listverse.com/2013/02/20/10-ways-doctors-are-trying-to-kill-you/;http://listverse.com/2013/02/20/10-ways-doctors-are-trying-to-kill-you/;
10;http://www.patheos.com/blogs/friendlyatheist/2013/02/20/ken-ham-thinks-pat-robertson-is-hurting-christianity/;http://www.patheos.com/blogs/friendlyatheist/2013/02/20/ken-ham-thinks-pat-robertson-is-hurting-christianity/;
12;http://threads2.scripting.com/2013/february/dontSlogAwayAtTheEndOfTheDay;http://threads2.scripting.com/2013/february/dontSlogAwayAtTheEndOfTheDay;
13;http://blog.lmorchard.com/2013/02/25/too-long-read-anyway;http://blog.lmorchard.com/2013/02/25/too-long-read-anyway;
14;http://civic.mit.edu/blog/petey/sorry-nerds-but-obama-was-right-about-the-jedi-meld-and-metaphysics;http://civic.mit.edu/blog/petey/sorry-nerds-but-obama-was-right-about-the-jedi-meld-and-metaphysics;
15;http://management.fortune.cnn.com/2012/12/21/what-entrepreneurs-can-learn-from-artists/;http://management.fortune.cnn.com/2012/12/21/what-entrepreneurs-can-learn-from-artists/;
16;http://what-if.xkcd.com/35/;http://what-if.xkcd.com/35/;
17;http://martinbelam.com/2013/atlantic-facebook/;http://martinbelam.com/2013/atlantic-facebook/;
18;http://www.theatlantic.com/politics/archive/2013/03/a-devastating-26-word-challenge-to-president-obamas-leadership/273789/;http://www.theatlantic.com/politics/archive/2013/03/a-devastating-26-word-challenge-to-president-obamas-leadership/273789/;
19;http://bjk5.com/post/44698559168/breaking-down-amazons-mega-dropdown;http://bjk5.com/post/44698559168/breaking-down-amazons-mega-dropdown;
1a;http://learntoduck.net/curing-fomo;http://learntoduck.net/curing-fomo;
1b;http://www.youtube.com/watch;http://www.youtube.com/watch;
1c;http://gettingsmart.com/2013/03/for-the-ambivalent-student-four-projects-to-get-them-interested-in-school/;http://gettingsmart.com/2013/03/for-the-ambivalent-student-four-projects-to-get-them-interested-in-school/;
1d;http://headhearthand.org/blog/2013/03/12/the-most-disobeyed-commandment-in-the-church/;http://headhearthand.org/blog/2013/03/12/the-most-disobeyed-commandment-in-the-church/;
1e;http://www-nc.nytimes.com/interactive/2013/03/18/sports/ncaabasketball/nate-bracket.html;http://www-nc.nytimes.com/interactive/2013/03/18/sports/ncaabasketball/nate-bracket.html;
1f;http://gkoberger.github.io/stacksort/;http://gkoberger.github.io/stacksort/;
1g;http://what-if.xkcd.com/37/;http://what-if.xkcd.com/37/;
1h;https://www.facebook.com/;https://www.facebook.com/;
1j;http://crispian-jago.blogspot.com/2013/03/the-venn-diagram-of-irrational-nonsense.html;http://crispian-jago.blogspot.com/2013/03/the-venn-diagram-of-irrational-nonsense.html;
1;http://newsfeed.time.com/2013/03/25/more-people-have-cell-phones-than-toilets-u-n-study-shows/;http://newsfeed.time.com/2013/03/25/more-people-have-cell-phones-than-toilets-u-n-study-shows/;
1L;http://www.rollingstone.com/politics/news/cruel-and-unusual-punishment-the-shame-of-three-strikes-laws-20130327?print=true;http://www.rollingstone.com/politics/news/cruel-and-unusual-punishment-the-shame-of-three-strikes-laws-20130327?print=true;
1n;http://improveverywhere.com/2013/04/01/reverse-times-square/;http://improveverywhere.com/2013/04/01/reverse-times-square/;
1p;http://qz.com/68962/if-online-students-arent-engaged-its-the-teachers-fault/;http://qz.com/68962/if-online-students-arent-engaged-its-the-teachers-fault/;
1R;http://lemire.me/blog/archives/2011/06/06/why-i-still-program/;http://lemire.me/blog/archives/2011/06/06/why-i-still-program/;
1s;http://www.joelonsoftware.com/items/2013/04/02.html;http://www.joelonsoftware.com/items/2013/04/02.html;
1U;http://www-nc.nytimes.com/2013/04/03/nyregion/study-details-injuries-to-pedestrians-and-cyclists-in-new-york-city.html;http://www-nc.nytimes.com/2013/04/03/nyregion/study-details-injuries-to-pedestrians-and-cyclists-in-new-york-city.html;
1v;http://www-nc.nytimes.com/2013/04/03/nyregion/state-senator-and-city-councilman-accused-of-trying-to-rig-mayors-race.html;http://www-nc.nytimes.com/2013/04/03/nyregion/state-senator-and-city-councilman-accused-of-trying-to-rig-mayors-race.html;
1X;http://kottke.org/13/04/the-80s;http://kottke.org/13/04/the-80s;
1y;http://notes.torrez.org/2013/04/put-a-burger-in-your-shell.html;http://notes.torrez.org/2013/04/put-a-burger-in-your-shell.html;
1z;http://paidcontent.org/2013/04/04/when-cancer-stole-roger-eberts-voice-twitter-gave-him-a-new-one/;http://paidcontent.org/2013/04/04/when-cancer-stole-roger-eberts-voice-twitter-gave-him-a-new-one/;
20;http://www.rogerebert.com/rogers-journal/tweet-tweet-tweet;http://www.rogerebert.com/rogers-journal/tweet-tweet-tweet;
21;http://www.esquire.com/blogs/culture/ebert-post-it-notes?click=pp;http://www.esquire.com/blogs/culture/ebert-post-it-notes?click=pp;
23;http://jonathanmerritt.religionnews.com/2013/04/03/in-the-middle-east-not-america-christians-are-actually-persecuted/;http://jonathanmerritt.religionnews.com/2013/04/03/in-the-middle-east-not-america-christians-are-actually-persecuted/;
24;http://www.buzzfeed.com/andrewkaczynski/republican-congressman-cites-biblical-great-flood-to-say-cim;http://www.buzzfeed.com/andrewkaczynski/republican-congressman-cites-biblical-great-flood-to-say-cim;
25;http://www-nc.nytimes.com/2013/04/13/opinion/global/front-row-at-the-dawn-of-time.html;http://www-nc.nytimes.com/2013/04/13/opinion/global/front-row-at-the-dawn-of-time.html;
26;http://holykaw.alltop.com/time-travel-in-movies-flowchart;http://holykaw.alltop.com/time-travel-in-movies-flowchart;
28;http://bsoist.tumblr.com/day/2013/04/17;http://bsoist.tumblr.com/day/2013/04/17;
29;http://www.7billionworld.com/;http://www.7billionworld.com/;
29ge;http://www.deadline.com/2011/05/movie-vet-joe-pichirallo-named-chair-of-nyus-kanbar-institute-undergrad-program/;http://www.deadline.com/2011/05/movie-vet-joe-pichirallo-named-chair-of-nyus-kanbar-institute-undergrad-program/;
2A;http://sethgodin.typepad.com/seths_blog/2013/04/avoiding-the-custom-bully.html;http://sethgodin.typepad.com/seths_blog/2013/04/avoiding-the-custom-bully.html;
2B;http://themusingsofthebigredcar.com/boston-marathon-massacre-cowards/;http://themusingsofthebigredcar.com/boston-marathon-massacre-cowards/;
2C;http://www.patheos.com/blogs/nakedpastor/2013/04/the-meaning-of-suffering-and-theological-bs/;http://www.patheos.com/blogs/nakedpastor/2013/04/the-meaning-of-suffering-and-theological-bs/;
2d;http://mattgemmell.com/staying-afraid/;http://mattgemmell.com/staying-afraid/;
2E;http://www.alearningaday.com/2013/04/the-dangers-of-marginal-thinking.html;http://www.alearningaday.com/2013/04/the-dangers-of-marginal-thinking.html;
2F;http://www.newyorker.com/online/blogs/newsdesk/2013/04/why-bostons-hospitals-were-ready.html;http://www.newyorker.com/online/blogs/newsdesk/2013/04/why-bostons-hospitals-were-ready.html;
2G;http://learntoduck.net/scars;http://learntoduck.net/scars;
2I;http://www.askamathematician.com/2012/08/q-if-you-could-drill-a-tunnel-through-the-whole-planet-and-then-jumped-down-this-tunnel-how-would-you-fall/;http://www.askamathematician.com/2012/08/q-if-you-could-drill-a-tunnel-through-the-whole-planet-and-then-jumped-down-this-tunnel-how-would-you-fall/;
2J;http://gizmodo.com/5993128/the-best-secret-google-maps-gesture-is-totally-brilliant;http://gizmodo.com/5993128/the-best-secret-google-maps-gesture-is-totally-brilliant;
2k;http://what-if.xkcd.com/42/;http://what-if.xkcd.com/42/;
2L;http://finance.yahoo.com/news/the-first-ever-email--the-first-tweet--and-12-other-famous-internet-firsts-181209886.html;http://finance.yahoo.com/news/the-first-ever-email--the-first-tweet--and-12-other-famous-internet-firsts-181209886.html;
2m;http://wilwheaton.tumblr.com/post/48652519089;http://wilwheaton.tumblr.com/post/48652519089;
2N;http://moz.com/rand/well-hes-not-going-to-get-very-far/;http://moz.com/rand/well-hes-not-going-to-get-very-far/;
2O;http://unsuck-it.com/browse/;http://unsuck-it.com/browse/;
2P;http://news.bbc.co.uk/2/hi/3086013.stm;http://news.bbc.co.uk/2/hi/3086013.stm;
2q;https://medium.com/what-i-learned-building/9216e1c9da7d;https://medium.com/what-i-learned-building/9216e1c9da7d;
2R;http://creativecommons.org/weblog/entry/38269;http://creativecommons.org/weblog/entry/38269;
2s;http://what-if.xkcd.com/44/;http://what-if.xkcd.com/44/;
2T;http://www.esquire.com/blogs/food-for-men/why-tipping-should-be-illegal-15603180;http://www.esquire.com/blogs/food-for-men/why-tipping-should-be-illegal-15603180;
2U;http://www.fizerkhan.com/blog/posts/Use-your-browser-as-Notepad.html;http://www.fizerkhan.com/blog/posts/Use-your-browser-as-Notepad.html;
2v;http://calacanis.com/2013/07/08/the-unbearable-wearable-google-glass-is-brilliant-loathsome-and-not-inevitable-or-take-those-off-before-i-punch-you-in-the-face/;http://calacanis.com/2013/07/08/the-unbearable-wearable-google-glass-is-brilliant-loathsome-and-not-inevitable-or-take-those-off-before-i-punch-you-in-the-face/;
2W;http://www.wired.com/wiredenterprise/2013/07/melody_meckfessel_google/all/;http://www.wired.com/wiredenterprise/2013/07/melody_meckfessel_google/all/;
2X;http://www.theverge.com/2013/7/8/4502810/ios-apps-and-games-go-free-five-years-after-app-store-launched;http://www.theverge.com/2013/7/8/4502810/ios-apps-and-games-go-free-five-years-after-app-store-launched;
2Y;http://laughingsquid.com/game-of-throne-characters-drawn-in-the-style-of-the-simpsons/;http://laughingsquid.com/game-of-throne-characters-drawn-in-the-style-of-the-simpsons/;
2z;http://www.fastcompany.com/3014051/fast-feed/when-twinkies-return-next-week-theyll-have-double-the-shelf-life;http://www.fastcompany.com/3014051/fast-feed/when-twinkies-return-next-week-theyll-have-double-the-shelf-life;
30;http://www.washingtonpost.com/opinions/george-will-egypts-preferable-tyranny/2013/07/10/84b049a8-e8c0-11e2-a301-ea5a8116d211_story.html?Post%20generic=%3Ftid%3Dsm_twitter_washingtonpost;http://www.washingtonpost.com/opinions/george-will-egypts-preferable-tyranny/2013/07/10/84b049a8-e8c0-11e2-a301-ea5a8116d211_story.html?Post%20generic=%3Ftid%3Dsm_twitter_washingtonpost;
31;http://lifehacker.com/is-it-ever-acceptable-to-quit-a-job-via-email-or-text-736345045;http://lifehacker.com/is-it-ever-acceptable-to-quit-a-job-via-email-or-text-736345045;
34;http://stoweboyd.com/post/55255987385/the-myth-of-libertarian-populism-the-dream-of#pq=TAYLLK;http://stoweboyd.com/post/55255987385/the-myth-of-libertarian-populism-the-dream-of#pq=TAYLLK;
35;http://freakonomics.com/2013/07/11/how-do-real-prisoners-play-prisoners-dilemma/;http://freakonomics.com/2013/07/11/how-do-real-prisoners-play-prisoners-dilemma/;
36;http://readwrite.com/2013/07/12/take-my-wi-fi-please;http://readwrite.com/2013/07/12/take-my-wi-fi-please;
37;http://rebelbrown.com/rebelations/2013/07/08/3-steps-to-bypass-the-critical-you.html;http://rebelbrown.com/rebelations/2013/07/08/3-steps-to-bypass-the-critical-you.html;
38;http://www.newyorker.com/online/blogs/newsdesk/2013/07/george-zimmerman-not-guilty-blood-on-the-leaves.html?mobify=0;http://www.newyorker.com/online/blogs/newsdesk/2013/07/george-zimmerman-not-guilty-blood-on-the-leaves.html?mobify=0;
39;http://www.naacp.org/press/entry/naacp-statement-in-the-acquittal-of-george-zimmerman-in-the-killing-of-tray;http://www.naacp.org/press/entry/naacp-statement-in-the-acquittal-of-george-zimmerman-in-the-killing-of-tray;
3A;http://gawker.com/the-zimmerman-jury-told-young-black-men-what-we-already-770650992;http://gawker.com/the-zimmerman-jury-told-young-black-men-what-we-already-770650992;
3B;http://gigaom.com/2013/07/15/bill-gates-on-the-future-of-education-programming-and-just-about-everything-else/;http://gigaom.com/2013/07/15/bill-gates-on-the-future-of-education-programming-and-just-about-everything-else/;
3C;http://stocklogos.com/topic/fantastic-logos-hidden-meaning;http://stocklogos.com/topic/fantastic-logos-hidden-meaning;
3d;http://coolcatteacher.blogspot.com/2013/07/why-you-should-set-soft-goals-for-your.html;http://coolcatteacher.blogspot.com/2013/07/why-you-should-set-soft-goals-for-your.html;
3E;http://gigaom.com/2013/07/15/omg-despite-creep-of-texting-lingo-teachers-say-tech-helps-students-writing/;http://gigaom.com/2013/07/15/omg-despite-creep-of-texting-lingo-teachers-say-tech-helps-students-writing/;
3F;http://spacesforlearning.wordpress.com/2013/07/14/unhurrying-the-hurried-educator-a-convo-about-personal-learning-and-passion/;http://spacesforlearning.wordpress.com/2013/07/14/unhurrying-the-hurried-educator-a-convo-about-personal-learning-and-passion/;
3g;http://www.animalnewyork.com/2013/wearable-fitness-devices-let-others-monitor-your-sex-life/;http://www.animalnewyork.com/2013/wearable-fitness-devices-let-others-monitor-your-sex-life/;
3h;http://sethgodin.typepad.com/seths_blog/2013/07/the-ludicrousness-of-embarrassed.html;http://sethgodin.typepad.com/seths_blog/2013/07/the-ludicrousness-of-embarrassed.html;
3i;http://www.todayifoundout.com/index.php/2013/07/how-each-mlb-team-got-its-name-national-league/;http://www.todayifoundout.com/index.php/2013/07/how-each-mlb-team-got-its-name-national-league/;
3j;http://www.albertmohler.com/2013/07/15/the-central-tragedy-of-this-case-remains-trayvon-martin-belongs-to-us-all/;http://www.albertmohler.com/2013/07/15/the-central-tragedy-of-this-case-remains-trayvon-martin-belongs-to-us-all/;
3k;http://blogs.hbr.org/2013/01/how-to-have-a-year-that-matter/;http://blogs.hbr.org/2013/01/how-to-have-a-year-that-matter/;
3L;http://www.whydontyoutrythis.com/2013/03/19-year-old-student-develops-ocean-cleanup-array-that-could-remove-7250000-tons-of-plastic-from-the-worlds-oceans.html?m=1;http://www.whydontyoutrythis.com/2013/03/19-year-old-student-develops-ocean-cleanup-array-that-could-remove-7250000-tons-of-plastic-from-the-worlds-oceans.html?m=1;
3n;http://whatnetflixdoes.tumblr.com/;http://whatnetflixdoes.tumblr.com/;
3o;http://www.theguardian.com/world/2013/jul/18/colorado-town-ponders-drone-bounty;http://www.theguardian.com/world/2013/jul/18/colorado-town-ponders-drone-bounty;
3p;http://dmlcentral.net/blog/howard-rheingold/teaching-and-learning-minecraft-liam-o%E2%80%99donnell;http://dmlcentral.net/blog/howard-rheingold/teaching-and-learning-minecraft-liam-o%E2%80%99donnell;
3q;http://www.theguardian.com/science/2013/jul/17/intelligent-knife-cancer-patients-scalpel;http://www.theguardian.com/science/2013/jul/17/intelligent-knife-cancer-patients-scalpel;
3S;http://dashes.com/anil/2013/07/rules-of-internet.html;http://dashes.com/anil/2013/07/rules-of-internet.html;
3t;http://www.theguardian.com/film/2013/jul/20/nicolas-cage-frozen-ground;http://www.theguardian.com/film/2013/jul/20/nicolas-cage-frozen-ground;
3u;http://zenhabits.net/38/;http://zenhabits.net/38/;
3V;http://nautil.us/issue/3/in-transit/unhappy-truckers-and-other-algorithmic-problems;http://nautil.us/issue/3/in-transit/unhappy-truckers-and-other-algorithmic-problems;
3W;http://thinkprogress.org/justice/2013/07/19/2331481/four-charts-that-prove-obamas-right-about-being-black-in-america/?mobile=nc;http://thinkprogress.org/justice/2013/07/19/2331481/four-charts-that-prove-obamas-right-about-being-black-in-america/?mobile=nc;
3Z;http://www.fastcodesign.com/1673020/in-20-years-we-re-all-going-to-realize-this-apple-ad-is-nuts;http://www.fastcodesign.com/1673020/in-20-years-we-re-all-going-to-realize-this-apple-ad-is-nuts;
40;http://www.salon.com/2013/07/19/steve_jobs_didnt_build_that/;http://www.salon.com/2013/07/19/steve_jobs_didnt_build_that/;
41;http://www.challies.com/christian-living/real-men-cry;http://www.challies.com/christian-living/real-men-cry;
42;http://www-nc.nytimes.com/2013/07/22/business/in-climbing-income-ladder-location-matters.html?=_r=6;http://www-nc.nytimes.com/2013/07/22/business/in-climbing-income-ladder-location-matters.html?=_r=6;
43;http://blogs.hbr.org/2013/07/your-company-is-only-as-good-a/;http://blogs.hbr.org/2013/07/your-company-is-only-as-good-a/;
45;http://www.newstatesman.com/voices/2013/07/why-i-willingly-handed-over-my-credit-card-and-pin-fraudster;http://www.newstatesman.com/voices/2013/07/why-i-willingly-handed-over-my-credit-card-and-pin-fraudster;
46;http://www.slate.com/articles/technology/future_tense/2013/07/lifehacking_is_just_another_way_to_make_us_work_more.single.html;http://www.slate.com/articles/technology/future_tense/2013/07/lifehacking_is_just_another_way_to_make_us_work_more.single.html;
47;http://www.slate.com/articles/business/moneybox/2013/07/how_one_weird_trick_conquered_the_internet_what_happens_when_you_click_on.html;http://www.slate.com/articles/business/moneybox/2013/07/how_one_weird_trick_conquered_the_internet_what_happens_when_you_click_on.html;
49;http://wilwheaton.net/2013/08/because-its-the-recliner-my-nephew-deserves-right-now/;http://wilwheaton.net/2013/08/because-its-the-recliner-my-nephew-deserves-right-now/;
4b;http://www.christenacleveland.com/2013/08/everything-i-know-about-racism-i-learned-in-the-church/;http://www.christenacleveland.com/2013/08/everything-i-know-about-racism-i-learned-in-the-church/;
4C;http://www.theatlantic.com/sexes/archive/2013/08/soccer-isnt-for-girly-girls-how-parents-pick-the-sports-their-daughters-play/278386/;http://www.theatlantic.com/sexes/archive/2013/08/soccer-isnt-for-girly-girls-how-parents-pick-the-sports-their-daughters-play/278386/;
4d;http://news.msn.com/;http://news.msn.com/;
4F;http://blog.hubspot.com/marketing/qualifying-prospects-why-bant-isnt-enough-anymore-tl;http://blog.hubspot.com/marketing/qualifying-prospects-why-bant-isnt-enough-anymore-tl;
4G;http://www.avc.com/a_vc/2013/11/android-and-ios-demographics-in-the-us.html;http://www.avc.com/a_vc/2013/11/android-and-ios-demographics-in-the-us.html;
4H;http://www.thenation.com/blog/177105/jay-glazers-interview-richie-incognito-was-sports-journalism-its-worst;http://www.thenation.com/blog/177105/jay-glazers-interview-richie-incognito-was-sports-journalism-its-worst;
4i;http://www.alearningaday.com/2013/11/losing-badly.html;http://www.alearningaday.com/2013/11/losing-badly.html;
5bfk;http://www.udel.edu/udaily/2011/sep/battling-stink-bugs092410.html;http://www.udel.edu/udaily/2011/sep/battling-stink-bugs092410.html;
5bfz;http://www.buzzfeed.com/donnad/africa-is-bigger-than-you-think-bif;http://www.buzzfeed.com/donnad/africa-is-bigger-than-you-think-bif;
5bkq;http://daryllang.com/blog/4421;http://daryllang.com/blog/4421;
5bkw;http://daryllang.com/blog/4737#more-4737;http://daryllang.com/blog/4737#more-4737;
5bkx;http://daryllang.com/blog/4813;http://daryllang.com/blog/4813;
5bm5;http://online.wsj.com/article/SB10001424052748704271804575405511702112290.html?mod=WSJ_Opinion_LEFTThirdBucket;http://online.wsj.com/article/SB10001424052748704271804575405511702112290.html?mod=WSJ_Opinion_LEFTThirdBucket;
5dpf;http://patterico.com/2010/10/08/obamacare-ruled-constitutional/;http://patterico.com/2010/10/08/obamacare-ruled-constitutional/;
5e4z;http://www.spinner.com/2010/10/07/bruce-springsteen-nathan-followill-career/;http://www.spinner.com/2010/10/07/bruce-springsteen-nathan-followill-career/;
5eb9;http://google.com/;http://google.com/;
5f2g;http://lifehacker.com/5658814/how-to-create-a-visual-speed-dial-folder-on-your-iphone;http://lifehacker.com/5658814/how-to-create-a-visual-speed-dial-folder-on-your-iphone;
5gyq;https://www.apstylebook.com/online/;https://www.apstylebook.com/online/;
5hdv;http://whsjr.soistmann.com/oped/2009/07/14/great-site-flickchartcom/;http://whsjr.soistmann.com/oped/2009/07/14/great-site-flickchartcom/;
6gdb;http://www.google.com/;http://www.google.com/;
6gdc;http://www.adjix.com/WebObjects/Adjix.woa/wa/default;http://www.adjix.com/WebObjects/Adjix.woa/wa/default;
6gde;https://encrypted.google.com/;https://encrypted.google.com/;
6gdf;http://www.cnn.com/;http://www.cnn.com/;
6gdk;http://inoveryourhead.net/;http://inoveryourhead.net/;
6hhu;http://whsjr.soistmann.com/oped/2011/01/04/what-i-learned-in-2010/;http://whsjr.soistmann.com/oped/2011/01/04/what-i-learned-in-2010/;
6hmr;http://www.slashfilm.com/lol-the-reoccurring-prop-newspaper/;http://www.slashfilm.com/lol-the-reoccurring-prop-newspaper/;
6hmt;http://www.norvig.com/21-days.html;http://www.norvig.com/21-days.html;
6hsx;http://www.techeblog.com/index.php/tech-gadget/now-that-s-a-lawn-chair;http://www.techeblog.com/index.php/tech-gadget/now-that-s-a-lawn-chair;
6htb;http://instruct.westvalley.edu/lafave/amphib.html;http://instruct.westvalley.edu/lafave/amphib.html;
6hug;http://ht.ly/3vXpi;http://ht.ly/3vXpi;
6ia5;http://hootsuite.com/dashboard#/tabs?id=3823215;http://hootsuite.com/dashboard#/tabs?id=3823215;
6ia6;http://nation.foxnews.com/us-constitution/2011/01/06/watch-live-reading-constitution-house-floor;http://nation.foxnews.com/us-constitution/2011/01/06/watch-live-reading-constitution-house-floor;
6iav;http://www.justgetoffyourbuttandbake.com/;http://www.justgetoffyourbuttandbake.com/;
6iax;http://grilledcheeseacademy.com/;http://grilledcheeseacademy.com/;
6ib3;http://www.bigisthenewsmall.com/2011/01/06/you-cant-do-it-all/#comment-14158;http://www.bigisthenewsmall.com/2011/01/06/you-cant-do-it-all/#comment-14158;
6j5g;http://whsjr.soistmann.com/oped/2011/01/05/i-want-my-99-cents-back/;http://whsjr.soistmann.com/oped/2011/01/05/i-want-my-99-cents-back/;
6j5y;http://christines-cuisine.blogspot.com/2010/02/samoas.html;http://christines-cuisine.blogspot.com/2010/02/samoas.html;
6j5z;http://www.answersingenesis.org/creation/v17/i3/fossil_hat.asp;http://www.answersingenesis.org/creation/v17/i3/fossil_hat.asp;
6j6a;http://www.answersingenesis.org/;http://www.answersingenesis.org/;
6j7w;http://blog.jmlynch.org/2010/02/13/pale-blue-dot/;http://blog.jmlynch.org/2010/02/13/pale-blue-dot/;
6jxp;http://sethgodin.typepad.com/seths_blog/2011/01/obedience-and-the-gps.html;http://sethgodin.typepad.com/seths_blog/2011/01/obedience-and-the-gps.html;
6jyr;http://www.nytimes.com/2011/01/13/nyregion/13snow.html;http://www.nytimes.com/2011/01/13/nyregion/13snow.html;
6jyv;http://thehill.com/blogs/blog-briefing-room/news/137411-clyburn-palin-intellectually-not-to-be-able-to-understand-whats-going-on-here;http://thehill.com/blogs/blog-briefing-room/news/137411-clyburn-palin-intellectually-not-to-be-able-to-understand-whats-going-on-here;
6mdn;http://nomoremister.blogspot.com/2011/01/stop-michelle-obama-before-she-kills.html;http://nomoremister.blogspot.com/2011/01/stop-michelle-obama-before-she-kills.html;
6miz;http://daringfireball.net/linked/2011/01/20/google-august;http://daringfireball.net/linked/2011/01/20/google-august;
6mjb;http://friendlyatheist.com/2011/01/20/how-much-is-that-dawkins-book/;http://friendlyatheist.com/2011/01/20/how-much-is-that-dawkins-book/;
6mjd;http://www.chrisbrogan.com/the-myth-of-the-perfect-writing-environment/;http://www.chrisbrogan.com/the-myth-of-the-perfect-writing-environment/;
6qm8;http://improveverywhere.com/2011/01/31/worst-ice-skater-ever-2/;http://improveverywhere.com/2011/01/31/worst-ice-skater-ever-2/;
6shj;http://www.lockergnome.com/reflections/2011/02/07/finallyfast-finally-sued-and-finally-pays/;http://www.lockergnome.com/reflections/2011/02/07/finallyfast-finally-sued-and-finally-pays/;
6tes;http://www.stevesilver.net/mt/archives/013848.html;http://www.stevesilver.net/mt/archives/013848.html;
6u8b;http://nymag.com/daily/entertainment/2011/02/the_best_parts_of_the_oscars_c.html;http://nymag.com/daily/entertainment/2011/02/the_best_parts_of_the_oscars_c.html;
6wfm;http://www.zeldman.com/2011/02/16/blowing-html-up-my-own-ass/;http://www.zeldman.com/2011/02/16/blowing-html-up-my-own-ass/;
6yfb;http://thehill.com/blogs/blog-briefing-room/news/144911-advice-to-freshmen-dont-be-a-jerk;http://thehill.com/blogs/blog-briefing-room/news/144911-advice-to-freshmen-dont-be-a-jerk;
6yfd;http://www.sciencedaily.com/releases/2011/02/110210141219.htm;http://www.sciencedaily.com/releases/2011/02/110210141219.htm;
7a6d;http://www.livescience.com/13004-charlie-sheen-alive-drugs.html;http://www.livescience.com/13004-charlie-sheen-alive-drugs.html;
7b8z;http://www.freakonomicsmedia.com/2011/03/02/why-isnt-helen-keller-a-bigger-deal/;http://www.freakonomicsmedia.com/2011/03/02/why-isnt-helen-keller-a-bigger-deal/;
7chc;http://sethgodin.typepad.com/seths_blog/2011/09/the-forever-recession.html;http://sethgodin.typepad.com/seths_blog/2011/09/the-forever-recession.html;
7dqk;http://whsjr.soistmann.com/work/2010/07/06/archetype/;http://whsjr.soistmann.com/work/2010/07/06/archetype/;
7dxg;http://itunes.apple.com/us/app/minions/id444404817?mt=8;http://itunes.apple.com/us/app/minions/id444404817?mt=8;
7efy;http://www.informationisbeautiful.net/visualizations/radiation-dosage-chart/;http://www.informationisbeautiful.net/visualizations/radiation-dosage-chart/;
7f9p;http://billy.soistmann.com/2011/10/07/review-the-ides-of-march/;http://billy.soistmann.com/2011/10/07/review-the-ides-of-march/;
7gxx;http://player.vimeo.com/video/22053820;http://player.vimeo.com/video/22053820;
7key;http://whsjr.soistmann.com/oped/2011/02/05/the-other-five/;http://whsjr.soistmann.com/oped/2011/02/05/the-other-five/;
7khc;http://www.last.fm/music/Don+Francisco/He's+Alive;http://www.last.fm/music/Don+Francisco/He's+Alive;
7mbw;http://vimeo.com/13681269;http://vimeo.com/13681269;
7nbn;http://m.apnews.com/ap/db_16032/contentdetail.htm?contentguid=bQbEOQZm;http://m.apnews.com/ap/db_16032/contentdetail.htm?contentguid=bQbEOQZm;
82hn;http://www.dailykos.com/storyonly/2011/1/27/939141/-Repeal-this-Insurer-drops-cancer-patient;http://www.dailykos.com/storyonly/2011/1/27/939141/-Repeal-this-Insurer-drops-cancer-patient;
88kc;http://www.aolnews.com/2011/01/24/legolands-master-builders-gary-mcintire-and-ryan-ziegelbauer-ar/;http://www.aolnews.com/2011/01/24/legolands-master-builders-gary-mcintire-and-ryan-ziegelbauer-ar/;
88km;http://www.dailymail.co.uk/femail/article-1349831/Ikea-design-stores-mazes-stop-shoppers-leaving-end-buying-more.html?printingPage=true;http://www.dailymail.co.uk/femail/article-1349831/Ikea-design-stores-mazes-stop-shoppers-leaving-end-buying-more.html?printingPage=true;
8nxg;http://mashable.com/2011/03/24/youtube-video-reflection/;http://mashable.com/2011/03/24/youtube-video-reflection/;
8nxi;http://matadornetwork.com/abroad/20-obsolete-english-words-that-should-make-a-comeback/;http://matadornetwork.com/abroad/20-obsolete-english-words-that-should-make-a-comeback/;
8nxk;http://unrforliberty.com/wp-content/uploads/2011/02/Our-Discussion.jpg;http://unrforliberty.com/wp-content/uploads/2011/02/Our-Discussion.jpg;
8nxm;http://www.todayifoundout.com/index.php/2011/03/10-interesting-junk-food-facts/;http://www.todayifoundout.com/index.php/2011/03/10-interesting-junk-food-facts/;
8qgi;http://www.nytimes.com/2011/03/28/opinion/28douthat.html?_r=1;http://www.nytimes.com/2011/03/28/opinion/28douthat.html?_r=1;
8rua;http://nayak2010.files.wordpress.com/2010/08/limitfun1.jpg;http://nayak2010.files.wordpress.com/2010/08/limitfun1.jpg;
8t85;http://www.obesityepidemic.org/evolutionofobesity.jpg;http://www.obesityepidemic.org/evolutionofobesity.jpg;
8tzp;http://www.aagneyam.com/blog/?p=466;http://www.aagneyam.com/blog/?p=466;
8udg;http://www.youtube.com/watch?v=Q_JqJY5z0T8;http://www.youtube.com/watch?v=Q_JqJY5z0T8;
8vrb;http://sethgodin.typepad.com/seths_blog/2011/04/introducing-white-space-links.html;http://sethgodin.typepad.com/seths_blog/2011/04/introducing-white-space-links.html;
8vrz;http://www.doonesbury.com/strip/archive/2006/07/02;http://www.doonesbury.com/strip/archive/2006/07/02;
8vtg;http://members.dslextreme.com/users/helvetica/pigeons.jpg;http://members.dslextreme.com/users/helvetica/pigeons.jpg;
8vth;http://www.globalone.tv/profiles/blogs/the-bible-told-me-so;http://www.globalone.tv/profiles/blogs/the-bible-told-me-so;
8x4g;http://whsjr.soistmann.com/oped/;http://whsjr.soistmann.com/oped/;
8x5m;http://www.recyclart.org/2011/03/hendrix-portrait-with-5000-guitar-picks/;http://www.recyclart.org/2011/03/hendrix-portrait-with-5000-guitar-picks/;
8x5n;http://www.matthewtrost.org/projects/touchtrigonometry/;http://www.matthewtrost.org/projects/touchtrigonometry/;
8x6d;http://htwins.net/scale/index.html;http://htwins.net/scale/index.html;
8x6j;http://www.xltd.com/WikiMindMap/WikiPath.htm;http://www.xltd.com/WikiMindMap/WikiPath.htm;
8za9;http://www.youtube.com/watch?v=C6EKVDbJsMI;http://www.youtube.com/watch?v=C6EKVDbJsMI;
8zzc;http://vimeo.com/21895447;http://vimeo.com/21895447;
9ei3;http://www.samharris.org/blog/item/is-religion-true-in-the-matrix/;http://www.samharris.org/blog/item/is-religion-true-in-the-matrix/;
9fci;http://ragb.ag/post/3877380209/movie-magic-i-was-watching-sense-sensibility-in;http://ragb.ag/post/3877380209/movie-magic-i-was-watching-sense-sensibility-in;
9kjm;http://trevinwax.com/2011/04/27/urban-legends-the-preachers-edition/;http://trevinwax.com/2011/04/27/urban-legends-the-preachers-edition/;
9kxa;http://whsjr.soistmann.com/work/category/sandbox/;http://whsjr.soistmann.com/work/category/sandbox/;
9n8t;http://www.johndcook.com/blog/2009/12/23/why-programmers-are-not-paid-in-proportion-to-their-productivity/;http://www.johndcook.com/blog/2009/12/23/why-programmers-are-not-paid-in-proportion-to-their-productivity/;
9na9;http://www.badassdigest.com/2011/05/01/the-rock-knew-bin-laden-was-dead-before-anyone-else;http://www.badassdigest.com/2011/05/01/the-rock-knew-bin-laden-was-dead-before-anyone-else;
9nqw;http://www.desiringgod.org/blog/posts/is-god-glad-osama-bin-ladens-dead;http://www.desiringgod.org/blog/posts/is-god-glad-osama-bin-ladens-dead;
9qhj;http://whsjr.soistmann.com/work/category/code/;http://whsjr.soistmann.com/work/category/code/;
9qhk;http://whsjr.soistmann.com/work/category/projects/;http://whsjr.soistmann.com/work/category/projects/;
9wm6;http://whsjr.soistmann.com/oped/2010/09/28/resistance-is-futile/;http://whsjr.soistmann.com/oped/2010/09/28/resistance-is-futile/;
9xsf;http://whsjr.soistmann.com/oped/2010/10/05/why-i-changed-my-political-views-on-facebook/;http://whsjr.soistmann.com/oped/2010/10/05/why-i-changed-my-political-views-on-facebook/;
9z2c;http://www.atomicpopcorn.net/movie-review-the-social-network/;http://www.atomicpopcorn.net/movie-review-the-social-network/;
JD;http://scripting.com/2014/02/05/roadmapForMicrosoft.html;http://scripting.com/2014/02/05/roadmapForMicrosoft.html;
zc;http://archive.whsjr.soistmann.com/oped/2012/06/14/book-review-get-lucky/;http://archive.whsjr.soistmann.com/oped/2012/06/14/book-review-get-lucky/;
ws;http://www.exploratorium.edu/baseball/index.html;http://www.exploratorium.edu/baseball/index.html;
0f;http://google.com;http://google.com;
8s;http://sethgodin.typepad.com/seths_blog/2014/07/the-special-snowflake-problem.html;http://sethgodin.typepad.com/seths_blog/2014/07/the-special-snowflake-problem.html;
hm;http://expletiveinserted.com/2014/07/30/programming-the-uncareer/;http://expletiveinserted.com/2014/07/30/programming-the-uncareer/;
tw;http://www.schoolconstructionnews.com/articles/2005/12/9/technology-in-schools-the-benefit-collaboration;http://www.schoolconstructionnews.com/articles/2005/12/9/technology-in-schools-the-benefit-collaboration;
br;http://cdixon.org/2014/08/02/three-levels-of-enthusiasm-for-technology/;http://cdixon.org/2014/08/02/three-levels-of-enthusiasm-for-technology/;
m5;http://devlinsangle.blogspot.com/2014/08/most-math-problems-do-not-have-unique.html?m=1;http://devlinsangle.blogspot.com/2014/08/most-math-problems-do-not-have-unique.html?m=1;
ip;http://bridge.caspio.net/dp.asp?AppKey=36701000b255adcfe6ca4b13a8a4;http://bridge.caspio.net/dp.asp?AppKey=36701000b255adcfe6ca4b13a8a4;
4r;http://scripting.com/2014/08/19/newProductComing.html;Write and edit Facebook posts from outside Facebook;
ly;http://bloggingwithfargo.smallpict.com/2014/08/20/ranIntoALittleIssueUsingBothOutlines.html;naming outlines;
f9;http://www.bsoi.st/oped/2013/08/09/rankingNflPlayersUsingFaniumRules.html;Ranking NFL Players Using Fanium Rules;
mh;http://developer.telerik.com/featured/seven-javascript-quirks-i-wish-id-known-about/;Seven JavaScript Quirks I Wish I'd Known About;
qt;http://www.smashingmagazine.com/2010/04/20/seven-javascript-things-i-wish-i-knew-much-earlier-in-my-career/;Seven JavaScript Things I Wish I Knew Much Earlier In My Career;
u7;https://blog.wealthfront.com/trade-salary-for-equity/;How to Trade Salary for Equity;
9p;http://arnoldwaldstein.com/2014/09/september-11thstopping-to-remember-2/;Arnold Waldstein: September 11th...stopping to remember;
q3;http://scripting.com/2014/09/11/;Scripting News On September 11th;
pl;http://avc.com/2014/09/september-11th-3/;Fred Wilson September 11th;
v1;https://medium.com/@sfbriansmith/a-tourist-in-nyc-on-9-11-01-6dff03c86fa7;A Tourist in NYC on;
py;http://alearningaday.com/2014/09/you-attract-people-by-the-virtue-of-who-you-are.html;You attract people by the virtue of who you are;
m2;http://gothamgal.com/2014/09/freddy-is-my-co-pilot/;Freddy is my co-pilot ÃÂÃÂÃÂÃÂÃÂÃÂÃÂÃÂ¢ÃÂÃÂÃÂÃÂÃÂÃÂÃÂÃÂÃÂÃÂÃÂÃÂÃÂÃÂÃÂÃÂ Gotham Gal.;
xg;http://sethgodin.typepad.com/seths_blog/2014/09/law-and-order.html;Seth Godin: Law and Order;
sh;http://sethgodin.typepad.com/seths_blog/2014/09/without-a-keyboard.html;Without a keyboard;
sb;http://blog.semilshah.com/2014/09/07/a-heartfelt-open-letter-to-twitter-hq/;An Open Letter To Twitter HQ;
4q;http://blog.semilshah.com/2014/09/13/unpacking-microsofts-acquisition-of-minecraft-mojang/;Unpacking Microsoft's Acquisition Of Minecraft;
"dj;http://www.bsoi.st/oped/2014/09/14/theFineLineBetweenDisciplineAndAbuse.html;The ""fine line"" between discipline and abuse";
b4;http://arstechnica.com/gaming/2014/09/japanese-streamers-leak-early-smash-bros-footage/;Smash Bros. footage leaked;
l9;http://www.edudemic.com/teach-math-legos/;How To Teach Math With LEGOs;
64;http://venturebeat.com/2014/09/14/how-teaching-can-make-you-a-better-programmer/;How teaching can make you a better programmer;
z3;http://www.patheos.com/blogs/friendlyatheist/2014/09/17/if-we-cant-trust-neil-degrasse-tyson-who-can-we-trust/;If We Can't Trust Neil deGrasse Tyson Who Can We Trust?;
uf;http://alearningaday.com/2014/09/actions-and-outcomes.html;A Learning A Day: Actions and Outcomes;
nc;http://blogs.law.harvard.edu/philg/2014/09/18/prices-in-the-good-old-days/;Philip Greenspun: Prices in the Good Old Days;
ea;http://what-if.xkcd.com/112/;what if? - Balloon Car;
t1;http://www.scientificamerican.com/article/why-everyone-should-read-harry-potter/;Why Everyone Should Read Harry Potter;
vg;http://www.challies.com/resources/how-an-app-revitalized-my-prayer-life;How An App Revitalized My Prayer Life;
xj;http://mygeekdaddy.net/2014/03/18/automating-gtd-with-drafts/;Automating GTD with Drafts;
7b;http://scripting.com/2014/09/20/whyReportersMustNotBeCheerleaders.html;Why reporters must not be cheerleaders;
4a;http://sethgodin.typepad.com/seths_blog/2014/09/but-the-beatles-were-out-of-tune.html;But the Beatles were out of tune;
87;https://medium.com/@bsoist/people-are-buying-but-should-you-be-selling-36a800383a96;People are buying it but should you be selling it?;
hz;http://www.feld.com/archives/2014/10/still-airplanes.html;Why Do We Still Have Airplanes;
z5;http://startupiceland.com/2014/10/14/secrets-in-blockchain-and-mesh-networks/;Secrets in Blockchain and Mesh networks;
xu;http://motherfuckingwebsite.com/;It's a website!;
nf;http://laughingsquid.com/simpsons-world-every-episode-of-the-simpsons-available-for-streaming-in-one-place/;Simpsons World;
vm;http://www.wired.com/2014/10/ebola-endemic/;The Grim Future if Ebola Goes Global;
9j;http://www.dailydot.com/geek/elon-musk-compares-ai-research-to-satanic-ritual/;summoning the demon;
wu;http://www.codeforamerica.org/geeks/civicissues;Code for America Right Now!;
kq;http://www.newyorker.com/magazine/2014/11/03/shut-eat;The intersection of food and fashion is silly just as the intersection of fashion and anything else is silly.;
wr;http://www.macdrifter.com/2014/10/email-drafts-the-hard-way.html;Email Drafts the Hard Way;
xb;http://pages.engage.xbox.com/halloweenstencils/;Xbox Halloween Stencils;
x8;http://bsoist.cloudvent.net/fanium/201409.html;bsoist's Fanium Projections 2014 - Week 9;
hk;http://www.theweek.co.uk/us/61125/crash-dummies-fatten-up-to-reflect-obese-americans;Crash dummies fatten up to reflect obese Americans;
uk;http://www.nytimes.com/2014/10/31/sports/baseball/mets-juan-lagares-named-best-center-fielder.html;Mets' Juan Lagares Named Best Center Fielder;
oh;http://www.bsoi.st/oped/2014/09/18/nobodyCanTellMeWhatToDo.html;Nobody can tell me what to do;
bw;http://kottke.org/15/01/24-pieces-of-life-advice-from-werner-herzog;24 pieces of life advice from Werner Herzog;
se;http://www.huffingtonpost.com/jeremy-shure/dear-founders-how-to-eat-_b_6543186.html;Dear Founders How to Eat an Elephant;
qv;http://what-if.xkcd.com/126/;What if: Stairs to space;
ya;http://www.bsoi.st/2013/05/14/hes-just-so-smug/;He's just so smug;
cw;http://blogs.law.harvard.edu/philg/2015/01/27/good-free-tools-for-running-a-virtual-class-google-drive-and-hangouts-are-not-sufficient/;Good Free Tools for Running a Virtual Class;
yt;http://www.wsj.com/articles/amazon-starts-selling-an-email-service-to-companies-1422468169;Amazon Starts Email Service for Companies;
xf;http://www.sltrib.com/opinion/2093289-155/pitts-why-serious-people-discount-fox;Why Serious People Discount FOX News;
hi;http://www.forbes.com/sites/ericmack/2015/01/28/bill-gates-also-worries-artificial-intelligence-is-a-threat/;Bill Gates Also Worries Artificial Intelligence Is a Threat;
5z;http://io9.com/your-states-most-popular-unique-google-search-is-super-1580082495;Your State's Most Popular Unique Google Search Is Super-Embarassing;
u1;http://continuations.com/post/109493296140/secrets-do-we-really-need-them;Secrets: Do We Really Need Them?;
ou;http://alearningaday.com/2015/01/when-to-be-disappointed-and-when-not-to-be.html;When to be disappointed;
or;http://nymag.com/scienceofus/2015/01/how-to-win-at-rock-paper-scissors.html?mid=twitter_nymag;How to Win at Rock-Paper-Scissors;
nb;http://www.fastcompany.com/3041544/hit-the-ground-running/one-year-later-the-woman-who-quit-her-job-on-a-live-superbowl-ad;One Year Later: The Woman Who Quit Her Job on a Live Superbowl Ad;
i9;http://nypost.com/2015/01/25/snl-on-the-patriots-deflated-balls/;You can't handle the truth: SNL takes on Patriots' deflated balls;
kj;http://www.chatsports.com/ncaa/a/Fall-Out-Boy-Has-Apologized-To-America-For-ESPN-Playing-Their-Song-So-Much-10-205-4366;Fall OUt Boy Has Apologized To America For ESPN Playing Their Song So Much;
jn;http://dev.windows.com/en-us/featured/raspberrypi2support;Windows 10 for Raspberry Pi 2;
je;http://blogs.salesforce.com/company/2015/02/super-bowl-xlix-and-the-death-of-engagement.html;Super Bowl XLIX and The Death of Engagement;
j1;http://99u.com/workbook/38405/stop-doing-the-false-hustle;Stop Doing The False Hustle;
iw;http://fivethirtyeight.com/features/a-head-coach-botched-the-end-of-the-super-bowl-and-it-wasnt-pete-carroll/;Bad call? Maybe;
pe;http://journal.stuffwithstuff.com/2015/02/01/what-color-is-your-function/;What Color is Your Function?;
yr;http://bldgblog.blogspot.com/2015/01/algorithms-in-wild.html;Algorithms in the Wild;
pf;http://newsoffice.mit.edu/2015/book-brad-skow-does-time-pass-0128;Does Time Pass?;
ks;http://sivers.org/bad;Getting out of a bad place;
zb;http://www.fastcoexist.com/3041678/this-interactive-tool-shows-you-what-media-outlets-are-tracking-you;This Interactive Tool Shows You What Media Outlets Are Tracking You;
sz;https://medium.com/@warrenhenning/a-software-engineers-adventures-in-learning-mathematics-62140c59e5c;math is too beautiful;
ej;http://two-bit-idiot.tumblr.com/post/110047005914/a-bitcoin-series-on-hbo;A bitcoin series on HBO?;
1q;http://www.reddit.com/r/Bitcoin/comments/2upjyp/how_to_create_a_bitcoin_address_from_a_coin_flip/;How to Create a Bitcoin Address from a Coin Flip;
jf;http://inc42.com/resources/companies-not-allowed-chose-taglines/;Internet Explorer - when nothing else works;
g7;http://alearningaday.com/2015/02/despicable-behavior-and-internet-ethics.html;Despicable behavior is a hallmark of gutless cowards;
f6;http://io9.com/turns-out-coin-tosses-are-much-less-random-than-you-tho-1683504427;Turns Out Coin Tosses Are Much Less Random Than You Thought;
kw;http://longstreet.typepad.com/thesciencebookstore/2011/05/the-47-sins-of-isaac-newton-as-recorded-by-himself.html;The 47 Sins of Isaac Newton;
w5;http://www.newyorker.com/books/page-turner/original-pinocchio-really-says-lying;What the Original ÃÂÃÂÃÂÃÂÃÂÃÂÃÂÃÂ¢ÃÂÃÂÃÂÃÂÃÂÃÂÃÂÃÂÃÂÃÂÃÂÃÂÃÂÃÂÃÂÃÂPinocchioÃÂÃÂÃÂÃÂÃÂÃÂÃÂÃÂ¢ÃÂÃÂÃÂÃÂÃÂÃÂÃÂÃÂÃÂÃÂÃÂÃÂÃÂÃÂÃÂÃÂ Really Says About Lying;
cp;http://reason.com/reasontv/2015/02/06/what-if-you-could-live-for-10000-years;What if you Could Live for 10000 years?;
ug;http://www.washingtonpost.com/blogs/govbeat/wp/2014/06/04/the-second-largest-religion-in-each-state/;The second-largest religion in each state;
pa;http://www.zagaja.com/2015/02/using-social-security-numbers-to-verify-identity-is-negligence/;Using Social Security Numbers to Verify Identity is Negligence;
yd;http://www.entrepreneur.com/article/242680;Why Shark Tank's 'Mr. wonderful' Thinks Women Make Better CEOs;
ib;http://calacanis.com/2015/02/09/oh-no-calacanis-is-mansplaining-again/;Calacanis is mansplaining again;
ob;http://www.fastcodesign.com/3042230/the-5-best-designs-of-iconic-soy-sauce-bottle-creator-kenji-ekuan;The 5 Best Designs Of Iconic Soy Sauce Bottle Creator Kenji Ekuan;
cv;http://www.theguardian.com/books/2015/feb/06/the-singular-universe-and-reality-of-time-universe-smolin-review;Is time - after all - real?;
iy;http://www.ritholtz.com/blog/2015/02/gravity-may-have-saved-the-universe/;Gravity may have saved the universe;
xs;http://blog.crowdtap.com/2015/02/sweep-your-valentine-off-her-feet/;Sweep your Valentine off her feet!;
k8;http://www.worldcrunch.com/rss/culture-society/how-technological-progress-turns-time-against-us/time-paradox-lack-technology-michele-serra-social-acceleration/c3s18105/#.VN9KOmQvBCc;How Technological Progress Turns Time Against Us;
p5;http://www.fastcoexist.com/3042348/your-employers-plans-to-make-you-healthier-dont-work-because-your-job-is-killing-you;your job is killing you;
i6;http://reason.com/archives/2015/02/08/nationalism-is-a-poison;Nationalism is a Poison;
i0;http://www.boston.com/news/2015/02/20/signs-boston-starting-lose-over-the-snow/GCKbqt1v6J9MkswoxF2fBK/story.html;10 Signs Boston Is Starting to Lose It Over the Snow;
mc;http://sethgodin.typepad.com/seths_blog/2015/02/the-trolls-inside.html;Do not feed the troll;
op;http://www.fastcodesign.com/3042733/turn-your-old-iphone-into-a-new-braun-inspired-radio;Turn Your Old iPhone Into A New Braun-Inspired Radio;
o5;http://www.newyorker.com/culture/culture-desk/grading-oscar-speeches-patricia-arquette-gets;Grading the Oscar Speeches;
69;http://kottke.org/15/02/eating-peanuts-prevents-peanut-allergies;Eating peanuts prevents peanut allergies;
zs;http://www.wsj.com/articles/kill-the-wireless-contract-buy-your-own-phone-1424807865;Kill the Wireless Contract;
8r;http://www.gatesnotes.com/Health/How-Dinosaurs-Could-Help-Us-Fight-Malnutrition;How Dinosaurs Could Help Us Fight Malnutrition;
ye;http://avc.com/2015/02/is-this-a-good-startup-idea/;Is this a good startup idea?;
uv;http://www.thebitcoinchannel.com/archives/42760;Bitcoin Foundation Trials Blockchain Voting;
6b;http://www.inc.com/larry-kim/4-inspiring-must-watch-ted-talks-for-entrepreneurs.html;Four inspiring TED talks for entrepreneurs;
xc;http://sethgodin.typepad.com/seths_blog/2015/03/stupid-is-the-brand-killer.html;Stupid is the brand killer;
t0;https://growthhackers.com/companies/github/;Cracking the Code to GitHub's Growth;
l5;http://www.bloomberg.com/news/articles/2015-03-02/obamacare-s-survival-hangs-on-four-words-at-u-s-high-court-q-a;established by the state;
56;http://m.mlb.com/cutfour/2015/03/01/110833544/jimmy-rollins-considered-playing-for-the-mets;Jimmy Rollins as a NY Met;
o3;http://nypost.com/2015/03/02/upstate-towns-threatening-to-secede-from-new-york/;Upstate towns threatening to secede from New York;
c6;http://www.inc.com/erik-sherman/5-things-leonard-nimoy-could-teach-about-life-and-success.html;5 Things Leonard Nimoy Could Teach About Life and Sucess;
w1;http://www.thedailybeast.com/articles/2015/02/28/why-i-m-coming-out-as-a-christian.html;IÃÂÃÂÃÂÃÂÃÂÃÂÃÂÃÂ¢ÃÂÃÂÃÂÃÂÃÂÃÂÃÂÃÂÃÂÃÂÃÂÃÂÃÂÃÂÃÂÃÂm not scared that non-believers will make me feel like an outcast. IÃÂÃÂÃÂÃÂÃÂÃÂÃÂÃÂ¢ÃÂÃÂÃÂÃÂÃÂÃÂÃÂÃÂÃÂÃÂÃÂÃÂÃÂÃÂÃÂÃÂm scared that Christians will.;
fq;http://queenofspainblog.com/2015/03/03/god-in-my-grilled-cheese/;God in my grilled cheese;
y0;http://jonathanmerritt.religionnews.com/2014/10/06/tony-campolos-surprise-reaction-son-came-humanist/;An evangelical preacher and his agnostic son;
cq;http://www.bsoi.st/bible-misrepresented/;The Bible is misrepresented;
be;http://www.bsoi.st/the-bible-tells-me-so/;The Bible tells me so;
h3;http://blogs.answersingenesis.org/blogs/ken-ham/2015/02/01/carnival-cruise-corporation-blatant-use-of-evolution-for-super-bowl-advertisement/;Ken Ham is ticked off about a Super Bowl commercial :);
4x;http://nextshark.com/study-finds-that-complaining-about-work-only-makes-you-more-stressed/;Complaining About Work Only Makes You More Stressed;
r2;http://mobile.nytimes.com/blogs/opinionator/2015/03/02/why-our-children-dont-think-there-are-moral-facts/?post_id=831442489_10153157634072490#_=_;What is the definition of fact?;
ln;http://alearningaday.com/2015/03/starting-ahead.html;Starting ahead;
jv;http://momcomic.com/comic/should-you-vaccinate-your-kid/;Should you vaccinate your kid? - A flowchart;
7i;http://io9.com/how-close-was-the-simpsons-to-figuring-out-the-mass-of-1689811062;How Close Was The Simpsons To Figuring Out the Mass of the Higgs Boson?;
x3;http://nextshark.com/finnish-man-is-fined-60000-for-speeding-and-it-makes-perfect-sense/;Finnish Man is Fined 0K for Speeding;
d7;http://popchartlab.com/products/the-vocations-of-heroes-and-villains;Business cards of super heroes and villains;
mk;https://robots.thoughtbot.com/blog-in-markdown-deploy-with-webhooks;Blog in Markdown: Deploy with Webhooks;
ok;http://fortune.com/2015/03/06/kubler-ross-model-stages-bitcoin/;The five stages of bitcoin understanding;
rg;http://www.theverge.com/2015/3/6/8164841/aclu-redskins-trademark-unconstitutional-appeal;ACLU says the government shouldn't have the power to cancel the Redskins trademark;
h1;http://qz.com/357823/america-needs-to-have-just-two-time-zones-and-the-world-should-follow-suit/;America needs to have just two time zones and the world should follow suit;
ut;http://www.newyorker.com/tech/elements/nasa-dawn-ceres-pluto-dwarf-planets;The Pluto Wars Revisited;
d9;http://www.bsoi.st/are-you-ready-for-the-truth/;Are you ready for the truth?;
pw;http://www.bsoi.st/scheduling-and-automating-tweets/;Scheduling and automating tweets;
qm;http://www.jeffalytics.com/avoiding-click-bait-headlines/;32199 Reasons I Dislike Posts with a Specific Number in the Title and 1 Trick to Avoid Them;
fs;http://fortune.com/2015/03/12/email-overload/;The simple rules to keep email from ruining your life;
fg;http://sethgodin.typepad.com/seths_blog/2015/03/magic-and-irrational.html;Magic and irrational;
ht;http://www.newyorker.com/humor/borowitz-report/congresss-approval-rating-no-longer-detectable-by-current-technology;Congress's approval rating no longer detectable by current technology;
ur;https://unicornfree.com/2015/nobody-will-pay-10000-for-an-apple-watch-other-reasons-you-cant-sell-shit;Nobody will pay 10K for an Apple Watch and other reasons you can't sell shit;
kx;http://www.psfk.com/2015/03/feminist-beer-cerveja-feminista-6510-ad-sexism.html;Feminist Beer Aims to Spark Conversation on Ad Sexism;
ls;http://www.ritholtz.com/blog/2015/03/flowchart-which-apple-watch-is-for-you/;Flowchart: Which Apple Watch is For You?;
gh;http://mollymcleod.com/wallpapers/;Wallpapers to help break your phone addiction;
oi;http://www.inc.com/jay-jay-french/the-brian-williams-effect.html;Beware of the Brian Williams Effect;
rh;http://adii.me/an-alternative-view-of-passion/;An Alternative View of Passion;
rx;http://www.jamesaltucher.com/2015/03/the-ten-worst-things-you-can-do-in-a-negotiation/;The Ten Worst Things You Can Do In A Negotiation;
9z;http://www.theguardian.com/science/2015/mar/05/psychedelic-drugs-like-lsd-could-be-used-to-treat-depression-study-suggests;Could LSD be used to treat depression?;
rt;http://www.bsoi.st/common-core-math-problems/;Common Core math problems;
y8;http://www.fastcodesign.com/3043715/bracket-challenge-what-is-the-worlds-most-overrated-design;Bracket Challenge: What Is The World's Most Overrated Design?;
su;http://pressthink.org/2015/03/full-stack-credibility/;Full stack credibility;
kd;http://99u.com/workbook/39413/remove-the-word-actually-from-your-vocabulary;Do we hedge too much when we speak?;
rk;http://io9.com/why-hawkeye-and-other-non-powered-superheroes-are-still-1692223304;Why Hawkeye And Other Non-Powered Superheroes Are Still Amazing;
vb;http://lifehacker.com/convert-a-usb-charger-into-a-linux-computer-1692153468;Convert a USB Charger Into a Linux Computer;
d2;http://www.bsoi.st/dear-friend-of-liberty/;Dear Friend of Liberty;
8b;http://www.bsoi.st/friend-of-liberty/;Friend of Liberty;
8j;http://www.bsoi.st/2004/12/03/lest-he-be-judged/;Lest he be judged;
5l;http://notes.bsoi.st/notes/#a1427151501;Absolutely Indefensible;
c4;http://www.wsj.com/articles/its-time-for-baseball-to-forgive-pete-rose-1426870646;Is it time for baseball to forgive Pete Rose? YES! YES! YES!;
ki;http://www.fastcoexist.com/3043858/world-changing-ideas/the-science-of-why-you-should-spend-your-money-on-experiences-not-thing;The Science Of Why You Should Spend Your Money On Experiences, Not Things,;
o6;http://www.fastcoexist.com/3043858/world-changing-ideas/the-science-of-why-you-should-spend-your-money-on-experiences-not-thing;The Science Of Why You Should Spend Your Money On Experiences, Not Things,;
p6;http://www.fastcoexist.com/3043858/world-changing-ideas/the-science-of-why-you-should-spend-your-money-on-experiences-not-thing;The Science Of Why You Should Spend Your Money On Experiences, Not Things,;
5b;http://hunterwalk.com/2015/03/18/writing-when-you-might-be-wrong/;Writing When You Might Be Wrong;
gc;http://io9.com/how-doctor-who-helped-scientists-figure-out-why-we-fear-1696437085;How Doctor Who Helped Scientists Figure Out Why We Fear Spiders;
at;http://www.slate.com/articles/health_and_science/science/2015/03/teaching_human_evolution_at_the_university_of_kentucky_there_are_some_students.single.html;Defending Darwin;
4t;http://reason.com/archives/2015/03/18/the-death-of-free-speech-on-college-camp;The Death of Free Speech on College Campuses;
b8;http://nakedpastor.com/2015/04/10-ways-for-christians-to-open-and-expand-their-minds/;10 ways for Christians to open and expand their minds;
n9;http://sploid.gizmodo.com/newly-discovered-frog-species-looks-a-lot-like-kermit-t-1699076933/+katharinetrendacosta;Newly discovered frog species looks a lot like Kermit the Frog;
d8;https://hbr.org/2015/04/no-that-meeting-could-not-have-been-an-email;No, That Meeting Could Not Have Been an Email,;
ga;http://guides.lib.udel.edu/scholcom/openaccess;UD announces new open access policy;
jz;https://stallman.org/archives/2015-jan-apr.html#22_April_2015_%28School-to-prison_pipeline%29;The thugs in our schools are there to ruin children's lives.;
rc;http://www.psfk.com/2015/04/fonte-mutante-online-bots-amnesty-international-africa-agency.html;Thwart Online Bots With This Mutant Font;
bp;www.fastcodesign.com/3045220/amazing-software-turns-paper-into-computers;Amazing Software Turns Paper Into Computers;
v9;https://hbr.org/2015/04/how-to-plan-your-week-to-keep-your-weekend-free;How to Plan Your Week to Keep Your Weekend Free;
l0;http://www.newyorker.com/news/daily-comment/baltimore-and-the-state-of-american-cities;Baltimore and the state of American cities;
lh;http://nakedpastor.com/2015/04/homosexuality-sin-and-earthquakes/;To believe that personal sins lead to international catastrophes is primitive and magical thinking;
gr;https://medium.com/life-learning/your-life-is-tetris-stop-playing-it-like-chess-4baac6b2750d#.961fjy2b5;Life is like Tetris, Stop Playing it Like Chess,;
6e;http://danluu.com/wat/;Normalization of Deviance in Software: How Broken Practices Become Standard;
ed;https://www.davidfischer.name/2010/12/lessons-learned-with-rabbitmq-and-celery/;Lessons learned with RabbitMQ and Celery;
6g;http://esr.ibiblio.org/?p=7027;Brute force beats premature optimization;
sv;https://marco.org/2016/02/17/not-about-this-5c;It's not about this 5c;
fm;http://blog.trailofbits.com/2016/02/17/apple-can-comply-with-the-fbi-court-order/;Apple can comply with the FBI court order;
lr;http://www.macworld.com/article/3034355/ios/why-the-fbis-request-to-apple-will-affect-civil-rights-for-a-generation.html;Why the FBI's request to Apple will affect civil rights for a generation;
9k;http://www.digitopoly.org/2016/02/17/game-theory-and-apples-encryption-challenge/;Game Theory and Apple's Encryption Challenge;
92;http://www.apple.com/customer-letter/;An open letter from Apple to its customers;
v6;http://avc.com/2016/02/end-to-end-encryption/;End to End Encryption;
ac;http://kottke.org/16/02/left-to-right-character-movement-in-movies;Left-to-right character movement in movies;
x6;http://www.fastcoexist.com/3056735/a-few-drops-of-your-blood-can-tell-scientists-almost-exactly-what-you-look-like;A Few Drops Of Your Blood Can Tell Scientists Almost Exactly What You Look Like;
qe;https://www.weforum.org/agenda/2016/02/this-is-how-breakthroughs-in-theoretical-physics-have-changed-our-lives;This is how breakthroughs in theoretical physics have changed our lives;
hw;http://kottke.org/16/02/the-rich-meaning-in-the-lord-of-the-rings-orchestral-score;The rich meaning in The Lord of the Rings orchestral score;
xn;http://www.fastcoexist.com/3056676/to-trick-people-into-eating-healthy-we-need-to-make-healthy-food-seem-bad-for-you;The Veggie Burger Principle;
dc;http://www.futurity.org/directed-energy-technology-1177852-2/;High-intensity beacon might help aliens find Earth;
te;http://qz.com/659766/farmers-have-modified-our-food-for-at-least-10000-years-why-does-it-matter-all-of-a-sudden/;Farmers have modified our food for at least 10,000 years, why does it matter all of a sudden?;
dy;http://scripting.com/2016/06/14/1317.html;Ending Hack-A-Shaq;
lf;https://www.sciencebasedmedicine.org/ama-decides-gun-violence-is-a-public-health-issue/;AMA Decides Gun Violence is a Public Health Issue;
io;http://scripting.com/2016/06/15/1319.html;Trump screws the NRA;
60;http://kottke.org/16/06/facebook-is-wrong-text-is-deathless;Facebook is wrong, text is deathless,;
jk;http://qz.com/707849/watch-airbus-made-a-completely-3d-printed-plane-that-actually-flies/;Airbus made a completely 3D-printed plane that actually flies;
lo;http://www.marketwatch.com/story/starbucks-has-more-customer-money-on-cards-than-many-banks-have-in-deposits-2016-06-09;Starbucks has more customer money on cards than many banks have in deposits;
pg;http://www.theatlantic.com/politics/archive/2016/06/where-republicans-stand-on-donald-trump-a-cheat-sheet/481449/;Where Republicans Stand on Donald Trump: A Cheat Sheet;
ew;http://www.latimes.com/business/hiltzik/la-fi-hiltzik-gun-research-funding-20160614-snap-story.html;The NRA has blocked gun violence research for 20 years. It's time to end its stranglehold;
hp;http://www.marketingcharts.com/traditional/fathers-day-spending-expected-to-hit-new-high-68437/;FatherÃÂÃÂ¢ÃÂÃÂÃÂÃÂs Day Spending Expected to Hit New High;
bv;http://io9.gizmodo.com/watch-a-watermelon-become-the-night-king-from-game-of-t-1782153812;Watch a Watermelon Become the Night King From Game of Thrones;
ai;http://www.winnipegfreepress.com/opinion/columnists/cards-are-simply-clueless-383357511.html;Cards are simply clueless;
yv;http://kottke.org/16/06/earth-has-a-newish-quasi-moon;Earth has a new(ish) quasi-moon;
oa;http://scripting.com/2016/06/18/1322.html;It's all terrorism;
iv;http://qz.com/710604/my-father-made-a-painting-worth-millions-of-dollars-but-he-sold-it-for-ten-grand/;My father made a painting worth millions of dollarsÃÂÃÂ¢ÃÂÃÂÃÂÃÂbut he sold it for ten grand;
r4;http://gizmodo.com/physicists-turn-the-cheerio-effect-inside-out-1782125226;Physicists Turn the Cheerios Effect Inside Out;
ze;http://www.social-consciousness.com/2016/06/22-sarcastic-zen-phrases-for-the-lighthearted-yet-enlightened-individual.html;Zen for the sarcastic;
91;http://www.purdue.edu/newsroom/releases/2016/Q4/spensa-technologies-announces-advanced-insect-trapping-technology-that-could-replace-manual-crop-scouting-.html;A high-tech replacement for manual crop scouting;
gb;http://mentalfloss.com/article/57032/25-words-are-their-own-opposites;25 Words That Are Their Own Opposites;
dq;http://wilwheaton.net/2016/12/rediscovering-the-joy-of-general-purpose-computing/;rediscovering the joy of general purpose computing;
d3;http://www.nytimes.com/2017/01/02/science/spacex-launch-rockets-explosion.html;SpaceX Says It's Ready to Launch Rockets Again;
fc;http://www.nytimes.com/2017/01/03/opinion/why-keep-the-old-and-sick-behind-bars.html;Why Keep the Old and Sick Behind Bars?;
g8;http://www.nytimes.com/2017/01/03/opinion/is-trumps-tariff-plan-constitutional.html;Is Trump's Tariff Plan Constitutional?;
g1;http://www.nytimes.com/2016/12/23/science/pancake-bounce-water-balloons-bed-nails.html;When Water Balloons Hit a Bed of Nails and Don't Pop;
i8;http://scripting.com/2017/01/08/politicalCorrectnessInTheAgeOfTrump.html;Political Correctness in the Age of Trump;
if;http://www.bostonglobe.com/opinion/editorials/2017/01/07/baker-should-veto-naturopath-licensing-bill/UY8sSmE2ux6EBWACCFlBGP/story.html;Massachusetts is considering licensing pseudo-science now;
ph;http://www.tnl.net/blog/2017/01/09/new-command-line/;The new command line;
r5;http://lifehacker.com/upgrade-your-hard-boiled-eggs-with-a-quick-sear-1790949085;Upgrade Your Hard Boiled Eggs with a Quick Sear;
q1;http://economicalmillennial.com/millennials-may-be-the-first-generation-to-lose-a-majority-of-their-jobs-to-automation/;Millennials May Be the First Generation to Lose a Majority of their Jobs to Automation;
zf;http://www.smithsonianmag.com/innovation/when-robots-take-jobs-remember-luddites-180961423/;When Robots Take All of Our Jobs, Remember the Luddites,;
dk;http://waitbutwhy.com/2014/06/taming-mammoth-let-peoples-opinions-run-life.html;Taming the Mammoth: Why You Should Stop Caring What Other People Think;
b9;https://www.weforum.org/agenda/2017/01/two-reasons-computers-wont-destroy-all-the-jobs;Two reasons computers won't destroy all the jobs;
b1;https://medium.com/@sarahcpr/this-is-psychological-warfare-dc5beb8dde54#.jdmcz0ey1;This is Psychological Warfare;
z6;https://medium.com/let-me-repost-that-for-you-zeldman/streaming-suicide-other-design-decisions-70bf3ebff100#.jqt349ltp;Streaming suicide and other design decisions;
mg;http://links.email.scientificamerican.com/servlet/MailView;Reject a post-truth world;
yf;https://www.nytimes.com/2017/01/21/opinion/sunday/why-i-cannot-fall-in-line-behind-trump.html;Why I Cannot Fall in Line Behind Trump;
ah;http://www.theglobalist.com/donald-trump-and-gorbachev-communism-united-states/;Is Trump the West's Gorbachev?;
wn;https://www.techinasia.com/zoojoo-be-employee-wellness;Join the Force;
xo;https://qz.com/909501/trumps-disregard-for-the-judicial-system-has-accidentally-made-law-school-cool-again/;Law school is cool again - Thanks to Trump;
6f;https://www.fastcompany.com/3068137/work-smart/how-i-set-aside-two-days-each-week-to-work-on-just-one-thing;A Focus Day - or Two;
y3;http://memeburn.com/2017/02/netflix-knows-partner-away/;Netflix knows you are cheating;
tk;https://qz.com/913787/armchair-diagnosing-donald-trump-with-mental-illness-does-a-terrible-disservice-to-psychology/;Armchair diagnosing Donald Trump with mental illness does a terrible disservice to psychology;
d1;http://marginalrevolution.com/marginalrevolution/2017/02/extra-innings-start-runner-second-base.html;Extra innings start with a runner on second base;
u5;http://www.huffingtonpost.com/entry/58a58239e4b0b0e1e0e206ea;The original intent of original intent;
qj;https://www.theguardian.com/commentisfree/2017/feb/16/donald-trump-evading-responsibility-art-form-mike-flynn;Donald Trump has turned evading responsibility into an art form;
xz;https://www.nytimes.com/2017/02/13/insider/why-do-americans-refrigerate-their-eggs.html;Why do Americans Refrigerate Their Eggs?;
ox;http://www.zeldman.com/2017/02/18/automatic-check-ins-old-personal-web/;The Old Personal Web;
0j;https://www.1843magazine.com/features/escape-to-another-world;Escape to Another World;
nm;http://www.bbc.com/future/story/20160701-historys-greatest-technopanics;History's greatest 'technopanics';
tf;http://www.bradfordcross.com/blog/2017/3/3/five-ai-startup-predictions-for-2017;Five AI Startup Predictions for 2017;
wh;https://medium.com/starts-with-a-bang/theres-a-physics-trick-to-keep-your-shoes-from-coming-untied-71ef91d09282;Why my stupid shoelaces come untied!;
tm;http://techonomy.com/2017/04/robots-are-coming-for-your-tasks-not-your-jobs-or-why-the-liberal-arts-will-always-matter/;Why the Liberal Arts Will Always Matter;
ho;https://www.nature.com/news/drivers-gear-up-for-world-s-first-nanocar-race-1.21845;First nanocar race!;
qk;https://qz.com/959683/brain-fm-and-other-music-streaming-apps-can-now-curate-music-based-on-your-brainwaves/;Music curated based on your brainwaves;
vn;http://www.nbcnews.com/news/us-news/calls-about-space-aliens-flood-new-ice-hotline-after-twitter-n752006;Calls About Space Aliens Flood New ICE Hotline;
uq;https://www.audible.com/mt/CabinetofCharacters;A Cabinet of Characters;
74;http://avc.com/2017/04/avc-issues-with-the-site/;AVC - Issues with the Site;
mb;https://www.nytimes.com/2017/06/09/world/europe/britain-elections-youth-vote.html;What Turned the British Election?;
fn;https://www.nytimes.com/2017/06/09/us/politics/trump-comey.html;Trump Accuses Comey of Lying;
kl;https://www.nytimes.com/2017/06/10/us/politics/politics-religion-liberal-william-barber.html;Religious Liberals Sat Out of Politics for 40 Years. Now They Want in the Game.;
pc;https://github.com/bsoist/bsoist.github.io/blob/master/steemit_credits.md;Steemit Cover Photo Credits;
pk;http://continuations.com/post/169299842665/meltdown-and-spectre-are-good-for-innovation;Meltdown and Spectre are Good … for Innovation;
7m;http://avc.com/2018/01/im-having-a-meltdown/;I am having a Meltdown;
5p;https://lwn.net/Articles/741878/;12/20/17 - Linux users notice security patches and speculate;
80;https://arstechnica.com/gadgets/2018/01/whats-behind-the-intel-design-flaw-forcing-numerous-patches/;1/3/18 - There's obviously a big problem, but we don't know exactly what.;
fb;https://meltdownattack.com/;Meltdown Attack;
ux;https://spectreattack.com;Spectre Attack;
uh;https://www.nytimes.com/2018/02/10/technology/his-2020-campaign-message-the-robots-are-coming.html;His 2020 Campaign Message: The Robots Are Coming;
gq;https://www.indy100.com/article/music-goosebumps-some-people-science-research-emotions-psychology-study-harvard-7926781;If music gives you goosebumps, your brain might be special;
eh;https://www.nytimes.com/2018/08/17/world/africa/morocco-maryam-montague.html;Empowering Teenage Girls in a Traditional Village and Across Morocco;Great story in the NY Times about empowering teenage girls
5v;https://www.nytimes.com/2018/08/17/us/politics/justice-dept-facebook-fair-housing.html;Justice Dept. Backs Suit Accusing Facebook of Violating Fair Housing Act;Using Facebook targeted ads to hide your ads from unwanted customers
62;https://www.nytimes.com/2018/08/18/world/middleeast/egypt-coptic-bishop-monk-murder.html;Murder Mystery in Ancient Monastery Reverberates in Coptic Church;
pv;https://www.nytimes.com/2018/08/18/opinion/sunday/suicide-prevention-family-support.html;Advice I Never Wanted to Give;If suicide has impacted you closely, this should ring true
b5;https://www.nytimes.com/2018/11/01/us/young-evangelicals-politics-midterms.html;God is Going to Have to Forgive Me;"I secretly started borrowing books from the library."
td;https://friendlyatheist.patheos.com/2018/12/06/a-substitute-teacher-told-first-graders-that-santa-isnt-real/;A Substitute Teacher Told First Graders That Santa Isn’t Real;
7j;https://www.nytimes.com/2018/12/04/opinion/george-hw-bush-obituary.html;George Bush and the Obituary Wars;But we do seem to be getting worse at complexity. At nuance.
em;https://www.nytimes.com/2019/01/07/us/politics/criminal-libel-laws-lawsuit.html;He Disparaged the Police on Facebook. So They Arrested Him.;Like lots of Americans, Robert Frese is not shy about expressing his views on the internet.
lq;https://nyti.ms/2HuVIQ6?smid=nytcore-ios-share;Universities;could
my;https://sivers.org/dj;Benefits of a daily diary and topic journals | Derek Sivers;
b0;https://www.newyorker.com/magazine/2019/02/04/no-wonder-donald-trump-kept-going-bankrupt;No Wonder Donald Trump Kept Going Bankrupt | The New Yorker;
fj;https://nyti.ms/2Hx6u8y;The U.A.E. Handed Out Gender Equality Awards: All Went to Men ;
zk;https://nyti.ms/2HFUwJR;Baltimore Will Stop Prosecuting Marijuana Possession Cases;The interim police commissioner, Gary Tuggle, said he would not tell officers to stop making marijuana arrests.
yw;https://www.newyorker.com/humor/daily-shouts/looking-at-this-thing-on-my-phone-a-users-manual;Looking at this this thing on my iPhone: A user's manual;A fun look at how weirdly possessive and defensive we are about our phones
po;https://www.nytimes.com/2019/02/06/us/politics/socialism-donald-trump.html?module=inline;Painting Socialists as Villains, Trump Refreshes a Blueprint - The New York Times;
qr;https://www.nytimes.com/2019/02/12/sports/westminster-dog-show-best-in-show.html;Westminster Dog Show: King Continues Reign of Terriers;The terrier group has been awarded best in show 47 times, making them the New England Patriots of the dog show world.
9v;https://www.fastcompany.com/90365150/microsoft-will-fix-your-sexist-powerpoint-presentations-with-ai;Microsoft will fix your sexist PowerPoint presentations with AI;
bk;https://www.nytimes.com/interactive/2019/12/27/opinion/sunday/2010s-america-trump.html;President Trump has blown any idea of “normal” to smithereens;
hl;https://www.nytimes.com/2019/12/05/opinion/22-things-that-happened-for-the-first-time-in-2019.html;“22 Things That Happened for the First Time in 2019”;interesting
k9;https://www.nytimes.com/interactive/2019/12/27/upshot/america-from-above.html;A Decade of Urban Transformation, Seen From Above;A Decade of Urban Transformation, Seen From Above - fascinating!
vq;https://ljvmiranda921.github.io/notebook/2019/11/08/flask-redis-celery-mcdo/;Why do we need Flask, Celery, and Redis?;Full of fun, effective analogies
ro;https://kottke.org/23/01/a-beautiful-typographic-mini-golf-game;A Beautiful Typographic Mini Golf Game;
bj;https://www.cupoty.com/winners-04;The Top 100;I absolutely love this kind of close-up photography
7y;https://randsinrepose.com/archives/the-seven-dispositions-of-task-management/;The Seven Dispositions of Task Management;
8w;https://kottke.org/15/06/super-mario-bros-was-designed-on-graph-paper;Super Mario Bros Was Designed on Graph Paper;I love me some Super Mario Bros!
7f;https://www.theverge.com/tldr/2022/12/26/23523235/new-years-resolution-self-improvement;The kind of resolutions that might help (and you can follow);
sp;https://neal.fun/wonders-of-street-view/;The Wonders of Street View;I happend to catch a picture of one dude on a ladder who appeared to be dumping a bottle of water on top of another dude on a ladder
h7;https://kottke.org/23/01/disfrustrating-puzzles;Disfrustrating Puzzles;
zq;https://kottke.org/23/01/why-we-all-need-subtitles-now;Why we all need subtitles now;
b3;https://rknightuk.github.io/mac-30-font-svg/;Mac 30th Anniversary Icons;
qh;https://www.c82.net/work/?id=392;Geometric Primes;
wm;https://www.chronophoto.app/game.html;Guess the year a photo was taken;
y2;https://kareem.substack.com/p/what-i-think-about-lebron-breaking;What I Think About LeBron Breaking My NBA Scoring Record;
xq;https://kottke.org/23/02/why-everything-you-buy-is-worse-now;Why Everything You Buy Is Worse Now;
l3;https://theoatmeal.com/comics/believe;You are not going to believe what I'm about to tell you;
ol;https://www.themarginalian.org/2022/09/18/barry-lopez-place-loneliness/;Barry Lopez on the Cure for Our Existential Loneliness and the Three Tenets of a Full Life;
pr;https://kottke.org/23/02/the-last-55-years-of-best-cinematography-oscar-winners;The Last 55 Years of Best Cinematography Oscar Winners;Wow, great watch
i2;https://www.bleepingcomputer.com/news/microsoft/bing-chat-has-a-secret-celebrity-mode-to-impersonate-celebrities/;Bing Chat has a secret ‘Celebrity’ mode to impersonate celebrities;
n6;https://www.newyorker.com/humor/daily-shouts/winners-wake-up-early-every-article-ive-written-about-my-morning-routine;Winners Wake Up Early: Every Article I’ve Written About My Morning Routine;I Wake Up Before You Do: Nine Reasons Why I Have a Brand-New Tesla, a Full-Time Startup Job, an Online Side Hustle, and a Great Family, While You Retweet the Dalai Lama, Like a Loser
nw;https://www.bernhardlang.de/bavarianforest;Bavarian Forest 2022;
aw;https://harpers.org/archive/2023/04/the-science-of-the-perfect-second/;In search of lost time;Like the author, I've always been a little obsessed with time too.
dr;https://tidbits.com/2023/01/27/mastodon-a-new-hope-for-social-networking/;Mastodon:  A New Hope for Social Networking;
gn;https://www.nytimes.com/2023/02/21/magazine/closing-credits-movies.html?smid=nytcore-ios-share&referringSource=articleShare;Why I Watch the Closing Credits of Every Movie I See;I also watch the credits almost every time. I actually find it a little bit disrespectful that the cleaning crew comes into the theater during the credits.
5t;https://j-archive.com;J! Archive;It is this kind of stuff that made me really love the internet!
xy;https://www.cell.com/current-biology/fulltext/S0960-9822(24)00171-4;Neural evidence for referential understanding of object words in dogs;Turns out my dad was right. Dogs do understand us when we talk.
